,index,holgura
0,"(0, 'Básica')",-57.0
1,"(0, 'Orientación')",-57.0
2,"(0, 'Inglés')",-57.0
3,"(0, 'Música')",-57.0
4,"(0, 'Educación física')",-56.0
5,"(1, 'Básica')",-0.0
6,"(1, 'Orientación')",-1.0
7,"(1, 'Inglés')",-1.0
8,"(1, 'Música')",-1.0
9,"(1, 'Educación física')",-1.0
10,"(2, 'Básica')",-0.0
11,"(2, 'Orientación')",-1.0
12,"(2, 'Inglés')",-1.0
13,"(2, 'Música')",-1.0
14,"(2, 'Educación física')",-1.0
15,"(3, 'Básica')",-0.0
16,"(3, 'Orientación')",-1.0
17,"(3, 'Inglés')",-1.0
18,"(3, 'Música')",-1.0
19,"(3, 'Educación física')",-1.0
20,"(4, 'Básica')",-0.0
21,"(4, 'Orientación')",-1.0
22,"(4, 'Inglés')",-1.0
23,"(4, 'Música')",-1.0
24,"(4, 'Educación física')",-1.0
25,"(5, 'Básica')",-0.0
26,"(5, 'Orientación')",-1.0
27,"(5, 'Inglés')",-1.0
28,"(5, 'Música')",-1.0
29,"(5, 'Educación física')",-1.0
30,"(6, 'Básica')",-0.0
31,"(6, 'Orientación')",-1.0
32,"(6, 'Inglés')",-1.0
33,"(6, 'Música')",-1.0
34,"(6, 'Educación física')",-1.0
35,"(7, 'Básica')",-1.0
36,"(7, 'Orientación')",-1.0
37,"(7, 'Inglés')",-0.0
38,"(7, 'Música')",-1.0
39,"(7, 'Educación física')",-1.0
40,"(8, 'Básica')",-1.0
41,"(8, 'Orientación')",-1.0
42,"(8, 'Inglés')",-0.0
43,"(8, 'Música')",-1.0
44,"(8, 'Educación física')",-1.0
45,"(9, 'Básica')",-1.0
46,"(9, 'Orientación')",-0.0
47,"(9, 'Inglés')",-1.0
48,"(9, 'Música')",-1.0
49,"(9, 'Educación física')",-1.0
50,"(10, 'Básica')",-7.0
51,"(10, 'Orientación')",-6.0
52,"(10, 'Inglés')",-7.0
53,"(10, 'Música')",-7.0
54,"(10, 'Educación física')",-7.0
55,"(11, 'Básica')",-2.0
56,"(11, 'Orientación')",-1.0
57,"(11, 'Inglés')",-2.0
58,"(11, 'Música')",-2.0
59,"(11, 'Educación física')",-2.0
60,"(12, 'Básica')",-1.0
61,"(12, 'Orientación')",-1.0
62,"(12, 'Inglés')",-1.0
63,"(12, 'Música')",-0.0
64,"(12, 'Educación física')",-1.0
65,"(13, 'Básica')",-97.0
66,"(13, 'Orientación')",-97.0
67,"(13, 'Inglés')",-97.0
68,"(13, 'Música')",-97.0
69,"(13, 'Educación física')",-96.0
70,"(14, 'Básica')",-0.0
71,"(14, 'Orientación')",-1.0
72,"(14, 'Inglés')",-1.0
73,"(14, 'Música')",-1.0
74,"(14, 'Educación física')",-1.0
75,"(15, 'Básica')",-6.0
76,"(15, 'Orientación')",-7.0
77,"(15, 'Inglés')",-7.0
78,"(15, 'Música')",-7.0
79,"(15, 'Educación física')",-7.0
80,"(16, 'Básica')",-0.0
81,"(16, 'Orientación')",-1.0
82,"(16, 'Inglés')",-1.0
83,"(16, 'Música')",-1.0
84,"(16, 'Educación física')",-1.0
85,"(17, 'Básica')",-0.0
86,"(17, 'Orientación')",-1.0
87,"(17, 'Inglés')",-1.0
88,"(17, 'Música')",-1.0
89,"(17, 'Educación física')",-1.0
90,"(18, 'Básica')",-0.0
91,"(18, 'Orientación')",-1.0
92,"(18, 'Inglés')",-1.0
93,"(18, 'Música')",-1.0
94,"(18, 'Educación física')",-1.0
95,"(19, 'Básica')",-5.0
96,"(19, 'Orientación')",-6.0
97,"(19, 'Inglés')",-6.0
98,"(19, 'Música')",-6.0
99,"(19, 'Educación física')",-6.0
100,"(20, 'Básica')",-1.0
101,"(20, 'Orientación')",-1.0
102,"(20, 'Inglés')",-0.0
103,"(20, 'Música')",-1.0
104,"(20, 'Educación física')",-1.0
105,"(21, 'Básica')",-1.0
106,"(21, 'Orientación')",-1.0
107,"(21, 'Inglés')",-0.0
108,"(21, 'Música')",-1.0
109,"(21, 'Educación física')",-1.0
110,"(22, 'Básica')",-1.0
111,"(22, 'Orientación')",-0.0
112,"(22, 'Inglés')",-1.0
113,"(22, 'Música')",-1.0
114,"(22, 'Educación física')",-1.0
115,"(23, 'Básica')",-1.0
116,"(23, 'Orientación')",-0.0
117,"(23, 'Inglés')",-1.0
118,"(23, 'Música')",-1.0
119,"(23, 'Educación física')",-1.0
120,"(24, 'Básica')",-1.0
121,"(24, 'Orientación')",-0.0
122,"(24, 'Inglés')",-1.0
123,"(24, 'Música')",-1.0
124,"(24, 'Educación física')",-1.0
125,"(25, 'Básica')",-1.0
126,"(25, 'Orientación')",-1.0
127,"(25, 'Inglés')",-1.0
128,"(25, 'Música')",-0.0
129,"(25, 'Educación física')",-1.0
130,"(26, 'Básica')",-5.0
131,"(26, 'Orientación')",-5.0
132,"(26, 'Inglés')",-5.0
133,"(26, 'Música')",-5.0
134,"(26, 'Educación física')",-4.0
135,"(27, 'Básica')",-2.220446049250313e-16
136,"(27, 'Orientación')",-1.0000000000000002
137,"(27, 'Inglés')",-1.0000000000000002
138,"(27, 'Música')",-1.0000000000000002
139,"(27, 'Educación física')",-1.0000000000000002
140,"(28, 'Básica')",-6.0
141,"(28, 'Orientación')",-7.0
142,"(28, 'Inglés')",-7.0
143,"(28, 'Música')",-7.0
144,"(28, 'Educación física')",-7.0
145,"(29, 'Básica')",-0.0
146,"(29, 'Orientación')",-1.0
147,"(29, 'Inglés')",-1.0
148,"(29, 'Música')",-1.0
149,"(29, 'Educación física')",-1.0
150,"(30, 'Básica')",-0.0
151,"(30, 'Orientación')",-1.0
152,"(30, 'Inglés')",-1.0
153,"(30, 'Música')",-1.0
154,"(30, 'Educación física')",-1.0
155,"(31, 'Básica')",-3.0
156,"(31, 'Orientación')",-4.0
157,"(31, 'Inglés')",-4.0
158,"(31, 'Música')",-4.0
159,"(31, 'Educación física')",-4.0
160,"(32, 'Básica')",2.220446049250313e-16
161,"(32, 'Orientación')",-0.9999999999999998
162,"(32, 'Inglés')",-0.9999999999999998
163,"(32, 'Música')",-0.9999999999999998
164,"(32, 'Educación física')",-0.9999999999999998
165,"(33, 'Básica')",-1.0
166,"(33, 'Orientación')",-1.0
167,"(33, 'Inglés')",-0.0
168,"(33, 'Música')",-1.0
169,"(33, 'Educación física')",-1.0
170,"(34, 'Básica')",-1.0
171,"(34, 'Orientación')",-1.0
172,"(34, 'Inglés')",-0.0
173,"(34, 'Música')",-1.0
174,"(34, 'Educación física')",-1.0
175,"(35, 'Básica')",-1.0
176,"(35, 'Orientación')",-0.0
177,"(35, 'Inglés')",-1.0
178,"(35, 'Música')",-1.0
179,"(35, 'Educación física')",-1.0
180,"(36, 'Básica')",-1.0
181,"(36, 'Orientación')",-0.0
182,"(36, 'Inglés')",-1.0
183,"(36, 'Música')",-1.0
184,"(36, 'Educación física')",-1.0
185,"(37, 'Básica')",-1.0
186,"(37, 'Orientación')",-0.0
187,"(37, 'Inglés')",-1.0
188,"(37, 'Música')",-1.0
189,"(37, 'Educación física')",-1.0
190,"(38, 'Básica')",-1.0
191,"(38, 'Orientación')",-1.0
192,"(38, 'Inglés')",-1.0
193,"(38, 'Música')",-0.0
194,"(38, 'Educación física')",-1.0
195,"(39, 'Básica')",-1.0
196,"(39, 'Orientación')",-1.0
197,"(39, 'Inglés')",-1.0
198,"(39, 'Música')",-1.0
199,"(39, 'Educación física')",-0.0
200,"(40, 'Básica')",-0.0
201,"(40, 'Orientación')",-1.0
202,"(40, 'Inglés')",-1.0
203,"(40, 'Música')",-1.0
204,"(40, 'Educación física')",-1.0
205,"(41, 'Básica')",-9.0
206,"(41, 'Orientación')",-10.0
207,"(41, 'Inglés')",-10.0
208,"(41, 'Música')",-10.0
209,"(41, 'Educación física')",-10.0
210,"(42, 'Básica')",-4.0
211,"(42, 'Orientación')",-5.0
212,"(42, 'Inglés')",-5.0
213,"(42, 'Música')",-5.0
214,"(42, 'Educación física')",-5.0
215,"(43, 'Básica')",-0.0
216,"(43, 'Orientación')",-1.0
217,"(43, 'Inglés')",-1.0
218,"(43, 'Música')",-1.0
219,"(43, 'Educación física')",-1.0
220,"(44, 'Básica')",-2.0
221,"(44, 'Orientación')",-3.0
222,"(44, 'Inglés')",-3.0
223,"(44, 'Música')",-3.0
224,"(44, 'Educación física')",-3.0
225,"(45, 'Básica')",-0.0
226,"(45, 'Orientación')",-1.0
227,"(45, 'Inglés')",-1.0
228,"(45, 'Música')",-1.0
229,"(45, 'Educación física')",-1.0
230,"(46, 'Básica')",-2.0
231,"(46, 'Orientación')",-2.0
232,"(46, 'Inglés')",-1.0
233,"(46, 'Música')",-2.0
234,"(46, 'Educación física')",-2.0
235,"(47, 'Básica')",-7.0
236,"(47, 'Orientación')",-7.0
237,"(47, 'Inglés')",-6.0
238,"(47, 'Música')",-7.0
239,"(47, 'Educación física')",-7.0
240,"(48, 'Básica')",-11.0
241,"(48, 'Orientación')",-10.0
242,"(48, 'Inglés')",-11.0
243,"(48, 'Música')",-11.0
244,"(48, 'Educación física')",-11.0
245,"(49, 'Básica')",-21.0
246,"(49, 'Orientación')",-20.0
247,"(49, 'Inglés')",-21.0
248,"(49, 'Música')",-21.0
249,"(49, 'Educación física')",-21.0
250,"(50, 'Básica')",-10.0
251,"(50, 'Orientación')",-9.0
252,"(50, 'Inglés')",-10.0
253,"(50, 'Música')",-10.0
254,"(50, 'Educación física')",-10.0
255,"(51, 'Básica')",-1.0
256,"(51, 'Orientación')",-1.0
257,"(51, 'Inglés')",-1.0
258,"(51, 'Música')",-0.0
259,"(51, 'Educación física')",-1.0
260,"(52, 'Básica')",-1.0
261,"(52, 'Orientación')",-1.0
262,"(52, 'Inglés')",-1.0
263,"(52, 'Música')",-1.0
264,"(52, 'Educación física')",-0.0
265,"(53, 'Básica')",-0.0
266,"(53, 'Orientación')",-1.0
267,"(53, 'Inglés')",-1.0
268,"(53, 'Música')",-1.0
269,"(53, 'Educación física')",-1.0
270,"(54, 'Básica')",-0.0
271,"(54, 'Orientación')",-1.0
272,"(54, 'Inglés')",-1.0
273,"(54, 'Música')",-1.0
274,"(54, 'Educación física')",-1.0
275,"(55, 'Básica')",1.1102230246251565e-16
276,"(55, 'Orientación')",-0.9999999999999999
277,"(55, 'Inglés')",-0.9999999999999999
278,"(55, 'Música')",-0.9999999999999999
279,"(55, 'Educación física')",-0.9999999999999999
280,"(56, 'Básica')",-0.0
281,"(56, 'Orientación')",-1.0
282,"(56, 'Inglés')",-1.0
283,"(56, 'Música')",-1.0
284,"(56, 'Educación física')",-1.0
285,"(57, 'Básica')",-0.0
286,"(57, 'Orientación')",-1.0
287,"(57, 'Inglés')",-1.0
288,"(57, 'Música')",-1.0
289,"(57, 'Educación física')",-1.0
290,"(58, 'Básica')",1.1102230246251565e-16
291,"(58, 'Orientación')",-0.9999999999999999
292,"(58, 'Inglés')",-0.9999999999999999
293,"(58, 'Música')",-0.9999999999999999
294,"(58, 'Educación física')",-0.9999999999999999
295,"(59, 'Básica')",-1.0
296,"(59, 'Orientación')",-1.0
297,"(59, 'Inglés')",-0.0
298,"(59, 'Música')",-1.0
299,"(59, 'Educación física')",-1.0
300,"(60, 'Básica')",-1.0
301,"(60, 'Orientación')",-1.0
302,"(60, 'Inglés')",-0.0
303,"(60, 'Música')",-1.0
304,"(60, 'Educación física')",-1.0
305,"(61, 'Básica')",-1.0000000000000016
306,"(61, 'Orientación')",-1.5543122344752192e-15
307,"(61, 'Inglés')",-1.0000000000000016
308,"(61, 'Música')",-1.0000000000000016
309,"(61, 'Educación física')",-1.0000000000000016
310,"(62, 'Básica')",-0.9999999999999999
311,"(62, 'Orientación')",1.1102230246251565e-16
312,"(62, 'Inglés')",-0.9999999999999999
313,"(62, 'Música')",-0.9999999999999999
314,"(62, 'Educación física')",-0.9999999999999999
315,"(63, 'Básica')",-1.0
316,"(63, 'Orientación')",-0.0
317,"(63, 'Inglés')",-1.0
318,"(63, 'Música')",-1.0
319,"(63, 'Educación física')",-1.0
320,"(64, 'Básica')",-1.0
321,"(64, 'Orientación')",-1.0
322,"(64, 'Inglés')",-1.0
323,"(64, 'Música')",-0.0
324,"(64, 'Educación física')",-1.0
325,"(65, 'Básica')",-235.0
326,"(65, 'Orientación')",-235.0
327,"(65, 'Inglés')",-235.0
328,"(65, 'Música')",-235.0
329,"(65, 'Educación física')",-234.0
330,"(66, 'Básica')",6.661338147750939e-16
331,"(66, 'Orientación')",-0.9999999999999993
332,"(66, 'Inglés')",-0.9999999999999993
333,"(66, 'Música')",-0.9999999999999993
334,"(66, 'Educación física')",-0.9999999999999993
335,"(67, 'Básica')",-25.99999999999997
336,"(67, 'Orientación')",-26.99999999999997
337,"(67, 'Inglés')",-26.99999999999997
338,"(67, 'Música')",-26.99999999999997
339,"(67, 'Educación física')",-26.99999999999997
340,"(68, 'Básica')",-8.881784197001252e-16
341,"(68, 'Orientación')",-1.0000000000000009
342,"(68, 'Inglés')",-1.0000000000000009
343,"(68, 'Música')",-1.0000000000000009
344,"(68, 'Educación física')",-1.0000000000000009
345,"(69, 'Básica')",-1.0000000000000244
346,"(69, 'Orientación')",-2.0000000000000244
347,"(69, 'Inglés')",-2.0000000000000244
348,"(69, 'Música')",-2.0000000000000244
349,"(69, 'Educación física')",-2.0000000000000244
350,"(70, 'Básica')",-4.884981308350689e-15
351,"(70, 'Orientación')",-1.0000000000000049
352,"(70, 'Inglés')",-1.0000000000000049
353,"(70, 'Música')",-1.0000000000000049
354,"(70, 'Educación física')",-1.0000000000000049
355,"(71, 'Básica')",-0.0
356,"(71, 'Orientación')",-1.0
357,"(71, 'Inglés')",-1.0
358,"(71, 'Música')",-1.0
359,"(71, 'Educación física')",-1.0
360,"(72, 'Básica')",-22.0
361,"(72, 'Orientación')",-22.0
362,"(72, 'Inglés')",-21.0
363,"(72, 'Música')",-22.0
364,"(72, 'Educación física')",-22.0
365,"(73, 'Básica')",-28.00000000000001
366,"(73, 'Orientación')",-28.00000000000001
367,"(73, 'Inglés')",-27.00000000000001
368,"(73, 'Música')",-28.00000000000001
369,"(73, 'Educación física')",-28.00000000000001
370,"(74, 'Básica')",-15.0
371,"(74, 'Orientación')",-14.0
372,"(74, 'Inglés')",-15.0
373,"(74, 'Música')",-15.0
374,"(74, 'Educación física')",-15.0
375,"(75, 'Básica')",-37.0
376,"(75, 'Orientación')",-36.0
377,"(75, 'Inglés')",-37.0
378,"(75, 'Música')",-37.0
379,"(75, 'Educación física')",-37.0
380,"(76, 'Básica')",-30.0
381,"(76, 'Orientación')",-29.0
382,"(76, 'Inglés')",-30.0
383,"(76, 'Música')",-30.0
384,"(76, 'Educación física')",-30.0
385,"(77, 'Básica')",-1.0
386,"(77, 'Orientación')",-1.0
387,"(77, 'Inglés')",-1.0
388,"(77, 'Música')",-0.0
389,"(77, 'Educación física')",-1.0
390,"(78, 'Básica')",-695.0
391,"(78, 'Orientación')",-695.0
392,"(78, 'Inglés')",-695.0
393,"(78, 'Música')",-695.0
394,"(78, 'Educación física')",-694.0
395,"(79, 'Básica')",-8.0
396,"(79, 'Orientación')",-9.0
397,"(79, 'Inglés')",-9.0
398,"(79, 'Música')",-9.0
399,"(79, 'Educación física')",-9.0
400,"(80, 'Básica')",-20.0
401,"(80, 'Orientación')",-21.0
402,"(80, 'Inglés')",-21.0
403,"(80, 'Música')",-21.0
404,"(80, 'Educación física')",-21.0
405,"(81, 'Básica')",-4.0
406,"(81, 'Orientación')",-5.0
407,"(81, 'Inglés')",-5.0
408,"(81, 'Música')",-5.0
409,"(81, 'Educación física')",-5.0
410,"(82, 'Básica')",-0.0
411,"(82, 'Orientación')",-1.0
412,"(82, 'Inglés')",-1.0
413,"(82, 'Música')",-1.0
414,"(82, 'Educación física')",-1.0
415,"(83, 'Básica')",-0.0
416,"(83, 'Orientación')",-1.0
417,"(83, 'Inglés')",-1.0
418,"(83, 'Música')",-1.0
419,"(83, 'Educación física')",-1.0
420,"(84, 'Básica')",-8.0
421,"(84, 'Orientación')",-9.0
422,"(84, 'Inglés')",-9.0
423,"(84, 'Música')",-9.0
424,"(84, 'Educación física')",-9.0
425,"(85, 'Básica')",-4.0
426,"(85, 'Orientación')",-4.0
427,"(85, 'Inglés')",-3.0
428,"(85, 'Música')",-4.0
429,"(85, 'Educación física')",-4.0
430,"(86, 'Básica')",-2.0
431,"(86, 'Orientación')",-2.0
432,"(86, 'Inglés')",-1.0
433,"(86, 'Música')",-2.0
434,"(86, 'Educación física')",-2.0
435,"(87, 'Básica')",-27.0
436,"(87, 'Orientación')",-26.0
437,"(87, 'Inglés')",-27.0
438,"(87, 'Música')",-27.0
439,"(87, 'Educación física')",-27.0
440,"(88, 'Básica')",-26.999999999999403
441,"(88, 'Orientación')",-25.999999999999403
442,"(88, 'Inglés')",-26.999999999999403
443,"(88, 'Música')",-26.999999999999403
444,"(88, 'Educación física')",-26.999999999999403
445,"(89, 'Básica')",-44.0
446,"(89, 'Orientación')",-43.0
447,"(89, 'Inglés')",-44.0
448,"(89, 'Música')",-44.0
449,"(89, 'Educación física')",-44.0
450,"(90, 'Básica')",-1.0
451,"(90, 'Orientación')",-1.0
452,"(90, 'Inglés')",-1.0
453,"(90, 'Música')",-0.0
454,"(90, 'Educación física')",-1.0
455,"(91, 'Básica')",-67.0
456,"(91, 'Orientación')",-67.0
457,"(91, 'Inglés')",-67.0
458,"(91, 'Música')",-67.0
459,"(91, 'Educación física')",-66.0
460,"(92, 'Básica')",-11.0
461,"(92, 'Orientación')",-12.0
462,"(92, 'Inglés')",-12.0
463,"(92, 'Música')",-12.0
464,"(92, 'Educación física')",-12.0
465,"(93, 'Básica')",-0.0
466,"(93, 'Orientación')",-1.0
467,"(93, 'Inglés')",-1.0
468,"(93, 'Música')",-1.0
469,"(93, 'Educación física')",-1.0
470,"(94, 'Básica')",-11.0
471,"(94, 'Orientación')",-12.0
472,"(94, 'Inglés')",-12.0
473,"(94, 'Música')",-12.0
474,"(94, 'Educación física')",-12.0
475,"(95, 'Básica')",-8.0
476,"(95, 'Orientación')",-9.0
477,"(95, 'Inglés')",-9.0
478,"(95, 'Música')",-9.0
479,"(95, 'Educación física')",-9.0
480,"(96, 'Básica')",-6.0
481,"(96, 'Orientación')",-7.0
482,"(96, 'Inglés')",-7.0
483,"(96, 'Música')",-7.0
484,"(96, 'Educación física')",-7.0
485,"(97, 'Básica')",-13.0
486,"(97, 'Orientación')",-14.0
487,"(97, 'Inglés')",-14.0
488,"(97, 'Música')",-14.0
489,"(97, 'Educación física')",-14.0
490,"(98, 'Básica')",-14.0
491,"(98, 'Orientación')",-14.0
492,"(98, 'Inglés')",-13.0
493,"(98, 'Música')",-14.0
494,"(98, 'Educación física')",-14.0
495,"(99, 'Básica')",-25.0
496,"(99, 'Orientación')",-25.0
497,"(99, 'Inglés')",-24.0
498,"(99, 'Música')",-25.0
499,"(99, 'Educación física')",-25.0
500,"(100, 'Básica')",-25.0
501,"(100, 'Orientación')",-24.0
502,"(100, 'Inglés')",-25.0
503,"(100, 'Música')",-25.0
504,"(100, 'Educación física')",-25.0
505,"(101, 'Básica')",-17.0
506,"(101, 'Orientación')",-16.0
507,"(101, 'Inglés')",-17.0
508,"(101, 'Música')",-17.0
509,"(101, 'Educación física')",-17.0
510,"(102, 'Básica')",-84.0
511,"(102, 'Orientación')",-83.0
512,"(102, 'Inglés')",-84.0
513,"(102, 'Música')",-84.0
514,"(102, 'Educación física')",-84.0
515,"(103, 'Básica')",-1.0
516,"(103, 'Orientación')",-1.0
517,"(103, 'Inglés')",-1.0
518,"(103, 'Música')",-0.0
519,"(103, 'Educación física')",-1.0
